competition,season,n_matchs,penalties_exclus,tirs_au_but_exclus,n_tirs,n_buts,taux_conversion,part_freeze_frame,xg_statsbomb_total
FIFA World Cup,2022,64,23,41,1430,152,0.1063,1.0,137.9
FIFA World Cup,2018,64,29,39,1638,135,0.0824,1.0,150.0
UEFA Euro,2020,51,17,38,1234,122,0.0989,1.0,120.1
UEFA Euro,2024,51,12,24,1304,98,0.0752,1.0,111.4
Copa America,2024,32,10,39,741,63,0.085,1.0,66.0
African Cup of Nations,2023,52,22,60,1162,98,0.0843,1.0,101.2
Premier League,2015/2016,380,91,0,9817,914,0.0931,1.0,900.1
La Liga,2015/2016,380,97,0,9071,945,0.1042,1.0,903.8
Serie A,2015/2016,380,121,0,9877,858,0.0869,1.0,826.0
1. Bundesliga,2015/2016,34,10,0,830,82,0.0988,1.0,82.5
Ligue 1,2015/2016,377,91,0,8723,852,0.0977,1.0,803.6
TOTAL,,1865,523,241,45827,4319,0.0942,1.0,4202.5
