competition,season,team,opponent,player,minute,distance,body_part,shot_type,xg_modele,statsbomb_xg,cas
Ligue 1,2015/2016,OGC Nice,Bastia,Nampalys Mendy,31,30.872,Right Foot,Open Play,0.011,0.022,but improbable
Serie A,2015/2016,Fiorentina,Lazio,Facundo Sebastián Roncaglia,92,31.755,Right Foot,Open Play,0.011,0.018,but improbable
Ligue 1,2015/2016,Stade de Reims,Lyon,Atila Turan,50,40.478,Left Foot,Open Play,0.012,0.006,but improbable
Ligue 1,2015/2016,Troyes,OGC Nice,Fabien Camus,76,29.302,Right Foot,Open Play,0.013,0.030,but improbable
Serie A,2015/2016,Chievo,Sassuolo,Simone Pepe,23,38.344,Right Foot,Open Play,0.013,0.006,but improbable
Ligue 1,2015/2016,Nantes,Troyes,Valentin Rongier,40,29.620,Right Foot,Open Play,0.014,0.021,but improbable
La Liga,2015/2016,Villarreal,Athletic Club,Mario Gaspar Pérez Martínez,66,30.431,Right Foot,Open Play,0.014,0.023,but improbable
Premier League,2015/2016,Leicester City,Chelsea,Danny Drinkwater,81,33.278,Right Foot,Open Play,0.015,0.015,but improbable
Ligue 1,2015/2016,Troyes,Lyon,Fabien Camus,66,31.331,Left Foot,Open Play,0.016,0.024,but improbable
FIFA World Cup,2018,France,Argentina,Benjamin Pavard,56,25.612,Right Foot,Open Play,0.016,0.024,but improbable
Ligue 1,2015/2016,Montpellier,AS Monaco,Kévin Bérigaud,91,4.438,Left Foot,Open Play,0.769,0.737,grosse occasion manquee
Ligue 1,2015/2016,OGC Nice,Rennes,Alassane Pléa,36,5.179,Right Foot,Open Play,0.753,0.870,grosse occasion manquee
Premier League,2015/2016,Manchester City,Crystal Palace,Jesús Navas González,50,8.147,Left Foot,Open Play,0.738,0.954,grosse occasion manquee
Premier League,2015/2016,Arsenal,Norwich City,Mesut Özil,52,3.178,Left Foot,Open Play,0.732,0.288,grosse occasion manquee
La Liga,2015/2016,Rayo Vallecano,Sporting Gijón,José Raúl Baena Urdiales,70,4.817,Left Foot,Open Play,0.716,0.675,grosse occasion manquee
FIFA World Cup,2022,France,Australia,Kylian Mbappé Lottin,44,7.103,Right Foot,Open Play,0.711,0.552,grosse occasion manquee
Serie A,2015/2016,Udinese,Hellas Verona,Cyril Théréau,55,7.606,Left Foot,Open Play,0.709,0.774,grosse occasion manquee
Premier League,2015/2016,Arsenal,AFC Bournemouth,Per Mertesacker,33,4.168,Head,Open Play,0.708,0.536,grosse occasion manquee
La Liga,2015/2016,Real Betis,Sporting Gijón,Jorge Molina Vidal,89,13.078,Right Foot,Open Play,0.698,0.590,grosse occasion manquee
Serie A,2015/2016,AS Roma,Sassuolo,Stephan El Shaarawy,32,5.517,Right Foot,Open Play,0.688,0.615,grosse occasion manquee
