jeu,modele,libelle,roc_auc,roc_auc_ic_bas,roc_auc_ic_haut,brier,brier_ic_bas,brier_ic_haut,log_loss,log_loss_ic_bas,log_loss_ic_haut,brier_skill_vs_baseline,xg_moyen,taux_but,cv_log_loss,delta_auc_vs_statsbomb_ic,delta_brier_vs_statsbomb_ic
simple,baseline,Baseline (fréquence moyenne),0.50000,0.50000,0.50000,0.08779,0.08247,0.09279,0.31902,0.30417,0.33297,0.00000,0.09403,0.09723,,"[-0.33609959696568825, -0.30656307422077167]","[0.014110871863616006, 0.01867754612613577]"
simple,logreg,Régression logistique,0.79307,0.77778,0.80907,0.07515,0.07065,0.07932,0.26407,0.25063,0.27683,0.14396,0.09477,0.09723,0.26092,"[-0.03680265408948178, -0.019875183585991253]","[0.0025172842697415597, 0.005040609300730654]"
simple,rf,Forêt aléatoire,0.79506,0.78043,0.81134,0.07537,0.07099,0.07969,0.26356,0.25048,0.27668,0.14146,0.09501,0.09723,0.26179,"[-0.03459532275384175, -0.017893530885486512]","[0.00271531293442986, 0.005230642535293415]"
simple,hgb,Gradient boosting (HistGB),0.79632,0.78192,0.81235,0.07540,0.07102,0.07960,0.26365,0.25049,0.27634,0.14111,0.09532,0.09723,0.26060,"[-0.03321036608330748, -0.01731462542512904]","[0.002816770294133092, 0.005269441079425879]"
simple,xgb,XGBoost,0.79785,0.78315,0.81354,0.07508,0.07073,0.07923,0.26259,0.24916,0.27528,0.14470,0.09526,0.09723,0.25998,"[-0.031664017608908336, -0.015418968852834983]","[0.0024886905402973078, 0.004958923995074858]"
enrichi,baseline,Baseline (fréquence moyenne),0.50000,0.50000,0.50000,0.08779,0.08247,0.09279,0.31902,0.30417,0.33297,0.00000,0.09403,0.09723,,"[-0.33609959696568825, -0.30656307422077167]","[0.014110871863616006, 0.01867754612613577]"
enrichi,logreg,Régression logistique,0.81022,0.79536,0.82481,0.07340,0.06907,0.07753,0.25666,0.24404,0.26945,0.16389,0.09439,0.09723,0.25359,"[-0.018376140298740434, -0.002993039613195216]","[0.0009984893212503128, 0.003016340854901963]"
enrichi,rf,Forêt aléatoire,0.81508,0.80075,0.83023,0.07212,0.06798,0.07627,0.25276,0.24016,0.26581,0.17842,0.09446,0.09723,0.25207,"[-0.013786587921459214, 0.0011731877277766302]","[-0.00020925804027063612, 0.0017408807854373172]"
enrichi,hgb,Gradient boosting (HistGB),0.81903,0.80508,0.83436,0.07193,0.06773,0.07612,0.25166,0.23907,0.26474,0.18062,0.09429,0.09723,0.24990,"[-0.00904300218992551, 0.004386336905426269]","[-0.00040314583100015366, 0.0015534018797447966]"
enrichi,xgb,XGBoost,0.82004,0.80607,0.83481,0.07198,0.06771,0.07612,0.25148,0.23877,0.26437,0.18007,0.09459,0.09723,0.24946,"[-0.007362297701144277, 0.004788210604113885]","[-0.0003486754871745712, 0.001537590616180989]"
reference,statsbomb,xG StatsBomb (référence),0.82127,0.80656,0.83610,0.07136,0.06705,0.07560,0.25091,0.23801,0.26395,0.18718,0.09196,0.09723,,,
