jeu,modele,variable,importance_moyenne,ecart_type
simple,hgb,distance,0.03620,0.00146
simple,hgb,angle,0.04019,0.00145
simple,hgb,minute,0.00003,0.00009
simple,hgb,score_diff_before,0.00166,0.00033
simple,hgb,under_pressure,0.00163,0.00039
simple,hgb,first_time,0.00001,0.00001
simple,hgb,is_volley,0.00025,0.00005
simple,hgb,body_part,0.01383,0.00122
simple,hgb,shot_type,0.00072,0.00026
simple,hgb,technique,0.00308,0.00018
simple,hgb,play_pattern,0.00256,0.00069
enrichi,hgb,distance,0.01053,0.00130
enrichi,hgb,angle,0.05137,0.00138
enrichi,hgb,minute,-0.00001,0.00009
enrichi,hgb,score_diff_before,0.00078,0.00025
enrichi,hgb,under_pressure,0.00003,0.00006
enrichi,hgb,first_time,0.00004,0.00003
enrichi,hgb,is_volley,0.00007,0.00003
enrichi,hgb,body_part,0.00779,0.00090
enrichi,hgb,shot_type,0.00010,0.00007
enrichi,hgb,technique,0.00090,0.00011
enrichi,hgb,play_pattern,0.00014,0.00012
enrichi,hgb,gk_distance,0.01986,0.00174
enrichi,hgb,gk_to_goal,0.00277,0.00051
enrichi,hgb,gk_in_triangle,0.00232,0.00017
enrichi,hgb,n_defenders_triangle,0.01005,0.00096
enrichi,hgb,nearest_defender_dist,0.00888,0.00073
